{"accuracy": [0.5545296669006348, 0.7978794574737549, 0.8867027759552002, 0.9284436702728271, 0.9482546448707581, 0.958754301071167, 0.9654473662376404, 0.9700173735618591, 0.973929226398468, 0.9769250154495239, 0.979518473148346, 0.9815816879272461, 0.983632504940033, 0.9852624535560608, 0.9872369766235352, 0.9885594844818115, 0.9890835285186768, 0.9907712340354919, 0.9919679164886475, 0.9926281571388245, 0.9934389591217041, 0.9943922162055969, 0.9943323731422424, 0.9955124855041504, 0.9960407018661499, 0.9963295459747314, 0.996929943561554, 0.9971176981925964, 0.9959045052528381, 0.9970186352729797, 0.9977985620498657, 0.998351514339447, 0.9985702037811279, 0.9985908269882202, 0.9966555237770081, 0.9966369867324829, 0.9985867142677307, 0.9990633130073547, 0.9992985129356384, 0.9990530014038086, 0.9955083727836609, 0.9973879456520081, 0.9989622235298157, 0.9993521571159363, 0.9994841814041138, 0.9994944930076599, 0.9992923140525818, 0.9975117444992065], "loss": [1.4834280014038086, 0.6650264263153076, 0.37160971760749817, 0.2344316691160202, 0.1697767823934555, 0.13346563279628754, 0.10946407914161682, 0.09423350542783737, 0.08125361800193787, 0.07189860194921494, 0.06377194821834564, 0.056917447596788406, 0.050853800028562546, 0.04604639112949371, 0.040536392480134964, 0.03622058779001236, 0.03463369980454445, 0.02974296361207962, 0.026539474725723267, 0.02460438758134842, 0.021853776648640633, 0.01930058002471924, 0.019175032153725624, 0.015675777569413185, 0.01406055223196745, 0.013401973061263561, 0.01126597635447979, 0.01045239344239235, 0.013884157873690128, 0.010751054622232914, 0.00847337394952774, 0.006913855671882629, 0.005949746817350388, 0.005937089677900076, 0.011108675971627235, 0.011393115855753422, 0.005637770052999258, 0.004059168044477701, 0.0031787811312824488, 0.003934748936444521, 0.014001069590449333, 0.008707292377948761, 0.004123548977077007, 0.0029151313938200474, 0.0022666838485747576, 0.0021088316570967436, 0.0027971547096967697, 0.008059649728238583], "val_accuracy": [0.7234333753585815, 0.8535900115966797, 0.9133152365684509, 0.9390543699264526, 0.9515541791915894, 0.9585991501808167, 0.9629444479942322, 0.9678630232810974, 0.9691203832626343, 0.9712283611297607, 0.9730404615402222, 0.9747415781021118, 0.9760359525680542, 0.9766461253166199, 0.9784212708473206, 0.9774042367935181, 0.9791978597640991, 0.9795491695404053, 0.9797341227531433, 0.981731116771698, 0.9815831780433655, 0.9793457984924316, 0.982822060585022, 0.9829145073890686, 0.9820639491081238, 0.9825816750526428, 0.9831548929214478, 0.9833952784538269, 0.981324315071106, 0.9839314818382263, 0.9839500188827515, 0.9852813482284546, 0.9842273592948914, 0.9838760495185852, 0.9789944887161255, 0.9841718673706055, 0.9861503839492798, 0.9862058758735657, 0.9864832162857056, 0.9839314818382263, 0.9814722537994385, 0.9844677448272705, 0.986002504825592, 0.9867420792579651, 0.9871858954429626, 0.9871488809585571, 0.9864647388458252, 0.9737246036529541], "val_loss": [0.892846405506134, 0.4811416268348694, 0.28469833731651306, 0.2005809098482132, 0.15376131236553192, 0.13056451082229614, 0.11581540107727051, 0.10035354644060135, 0.09457119554281235, 0.08788636326789856, 0.08270160108804703, 0.07760842144489288, 0.07436127960681915, 0.07200988382101059, 0.06762684136629105, 0.06879745423793793, 0.0656045451760292, 0.06440047174692154, 0.06402512639760971, 0.05935207009315491, 0.06043288856744766, 0.06706340610980988, 0.057737622410058975, 0.05796639621257782, 0.06280099600553513, 0.0621715746819973, 0.05981191620230675, 0.060011010617017746, 0.06729303300380707, 0.05953508988022804, 0.05967332422733307, 0.05743693187832832, 0.061595745384693146, 0.06596650928258896, 0.07759901881217957, 0.06233849376440048, 0.05899541452527046, 0.05700720101594925, 0.05957557633519173, 0.06570632010698318, 0.07392530888319016, 0.06291542202234268, 0.06037307158112526, 0.057669498026371, 0.05757122486829758, 0.05899757146835327, 0.06120038032531738, 0.10421185195446014]}